Date_start,Date_end,zodiac,key
1900-03-19,1900-04-20,Aries,0
1900-04-21,1900-05-20,Taurus,0
1900-05-21,1900-06-20,Gemini,0
1900-06-21,1900-07-22,Cancer,0
1900-07-23,1900-08-22,Leo,0
1900-08-23,1900-09-22,Virgo,0
1900-09-23,1900-10-22,Libra,0
1900-10-23,1900-11-21,Scorpio,0
1900-11-22,1900-12-21,Sagittarius,0
1900-12-22,1900-01-19,Capricorn,0
1900-01-20,1900-02-18,Aquarius,0
1900-02-19,1900-03-20,Pisces,0
1901-03-19,1901-04-20,Aries,0
1901-04-21,1901-05-20,Taurus,0
1901-05-21,1901-06-20,Gemini,0
1901-06-21,1901-07-22,Cancer,0
1901-07-23,1901-08-22,Leo,0
1901-08-23,1901-09-22,Virgo,0
1901-09-23,1901-10-22,Libra,0
1901-10-23,1901-11-21,Scorpio,0
1901-11-22,1901-12-21,Sagittarius,0
1901-12-22,1901-01-19,Capricorn,0
1901-01-20,1901-02-18,Aquarius,0
1901-02-19,1901-03-20,Pisces,0
1902-03-19,1902-04-20,Aries,0
1902-04-21,1902-05-20,Taurus,0
1902-05-21,1902-06-20,Gemini,0
1902-06-21,1902-07-22,Cancer,0
1902-07-23,1902-08-22,Leo,0
1902-08-23,1902-09-22,Virgo,0
1902-09-23,1902-10-22,Libra,0
1902-10-23,1902-11-21,Scorpio,0
1902-11-22,1902-12-21,Sagittarius,0
1902-12-22,1902-01-19,Capricorn,0
1902-01-20,1902-02-18,Aquarius,0
1902-02-19,1902-03-20,Pisces,0
1903-03-19,1903-04-20,Aries,0
1903-04-21,1903-05-20,Taurus,0
1903-05-21,1903-06-20,Gemini,0
1903-06-21,1903-07-22,Cancer,0
1903-07-23,1903-08-22,Leo,0
1903-08-23,1903-09-22,Virgo,0
1903-09-23,1903-10-22,Libra,0
1903-10-23,1903-11-21,Scorpio,0
1903-11-22,1903-12-21,Sagittarius,0
1903-12-22,1903-01-19,Capricorn,0
1903-01-20,1903-02-18,Aquarius,0
1903-02-19,1903-03-20,Pisces,0
1904-03-19,1904-04-20,Aries,0
1904-04-21,1904-05-20,Taurus,0
1904-05-21,1904-06-20,Gemini,0
1904-06-21,1904-07-22,Cancer,0
1904-07-23,1904-08-22,Leo,0
1904-08-23,1904-09-22,Virgo,0
1904-09-23,1904-10-22,Libra,0
1904-10-23,1904-11-21,Scorpio,0
1904-11-22,1904-12-21,Sagittarius,0
1904-12-22,1904-01-19,Capricorn,0
1904-01-20,1904-02-18,Aquarius,0
1904-02-19,1904-03-20,Pisces,0
1905-03-19,1905-04-20,Aries,0
1905-04-21,1905-05-20,Taurus,0
1905-05-21,1905-06-20,Gemini,0
1905-06-21,1905-07-22,Cancer,0
1905-07-23,1905-08-22,Leo,0
1905-08-23,1905-09-22,Virgo,0
1905-09-23,1905-10-22,Libra,0
1905-10-23,1905-11-21,Scorpio,0
1905-11-22,1905-12-21,Sagittarius,0
1905-12-22,1905-01-19,Capricorn,0
1905-01-20,1905-02-18,Aquarius,0
1905-02-19,1905-03-20,Pisces,0
1906-03-19,1906-04-20,Aries,0
1906-04-21,1906-05-20,Taurus,0
1906-05-21,1906-06-20,Gemini,0
1906-06-21,1906-07-22,Cancer,0
1906-07-23,1906-08-22,Leo,0
1906-08-23,1906-09-22,Virgo,0
1906-09-23,1906-10-22,Libra,0
1906-10-23,1906-11-21,Scorpio,0
1906-11-22,1906-12-21,Sagittarius,0
1906-12-22,1906-01-19,Capricorn,0
1906-01-20,1906-02-18,Aquarius,0
1906-02-19,1906-03-20,Pisces,0
1907-03-19,1907-04-20,Aries,0
1907-04-21,1907-05-20,Taurus,0
1907-05-21,1907-06-20,Gemini,0
1907-06-21,1907-07-22,Cancer,0
1907-07-23,1907-08-22,Leo,0
1907-08-23,1907-09-22,Virgo,0
1907-09-23,1907-10-22,Libra,0
1907-10-23,1907-11-21,Scorpio,0
1907-11-22,1907-12-21,Sagittarius,0
1907-12-22,1907-01-19,Capricorn,0
1907-01-20,1907-02-18,Aquarius,0
1907-02-19,1907-03-20,Pisces,0
1908-03-19,1908-04-20,Aries,0
1908-04-21,1908-05-20,Taurus,0
1908-05-21,1908-06-20,Gemini,0
1908-06-21,1908-07-22,Cancer,0
1908-07-23,1908-08-22,Leo,0
1908-08-23,1908-09-22,Virgo,0
1908-09-23,1908-10-22,Libra,0
1908-10-23,1908-11-21,Scorpio,0
1908-11-22,1908-12-21,Sagittarius,0
1908-12-22,1908-01-19,Capricorn,0
1908-01-20,1908-02-18,Aquarius,0
1908-02-19,1908-03-20,Pisces,0
1909-03-19,1909-04-20,Aries,0
1909-04-21,1909-05-20,Taurus,0
1909-05-21,1909-06-20,Gemini,0
1909-06-21,1909-07-22,Cancer,0
1909-07-23,1909-08-22,Leo,0
1909-08-23,1909-09-22,Virgo,0
1909-09-23,1909-10-22,Libra,0
1909-10-23,1909-11-21,Scorpio,0
1909-11-22,1909-12-21,Sagittarius,0
1909-12-22,1909-01-19,Capricorn,0
1909-01-20,1909-02-18,Aquarius,0
1909-02-19,1909-03-20,Pisces,0
1910-03-19,1910-04-20,Aries,0
1910-04-21,1910-05-20,Taurus,0
1910-05-21,1910-06-20,Gemini,0
1910-06-21,1910-07-22,Cancer,0
1910-07-23,1910-08-22,Leo,0
1910-08-23,1910-09-22,Virgo,0
1910-09-23,1910-10-22,Libra,0
1910-10-23,1910-11-21,Scorpio,0
1910-11-22,1910-12-21,Sagittarius,0
1910-12-22,1910-01-19,Capricorn,0
1910-01-20,1910-02-18,Aquarius,0
1910-02-19,1910-03-20,Pisces,0
1911-03-19,1911-04-20,Aries,0
1911-04-21,1911-05-20,Taurus,0
1911-05-21,1911-06-20,Gemini,0
1911-06-21,1911-07-22,Cancer,0
1911-07-23,1911-08-22,Leo,0
1911-08-23,1911-09-22,Virgo,0
1911-09-23,1911-10-22,Libra,0
1911-10-23,1911-11-21,Scorpio,0
1911-11-22,1911-12-21,Sagittarius,0
1911-12-22,1911-01-19,Capricorn,0
1911-01-20,1911-02-18,Aquarius,0
1911-02-19,1911-03-20,Pisces,0
1912-03-19,1912-04-20,Aries,0
1912-04-21,1912-05-20,Taurus,0
1912-05-21,1912-06-20,Gemini,0
1912-06-21,1912-07-22,Cancer,0
1912-07-23,1912-08-22,Leo,0
1912-08-23,1912-09-22,Virgo,0
1912-09-23,1912-10-22,Libra,0
1912-10-23,1912-11-21,Scorpio,0
1912-11-22,1912-12-21,Sagittarius,0
1912-12-22,1912-01-19,Capricorn,0
1912-01-20,1912-02-18,Aquarius,0
1912-02-19,1912-03-20,Pisces,0
1913-03-19,1913-04-20,Aries,0
1913-04-21,1913-05-20,Taurus,0
1913-05-21,1913-06-20,Gemini,0
1913-06-21,1913-07-22,Cancer,0
1913-07-23,1913-08-22,Leo,0
1913-08-23,1913-09-22,Virgo,0
1913-09-23,1913-10-22,Libra,0
1913-10-23,1913-11-21,Scorpio,0
1913-11-22,1913-12-21,Sagittarius,0
1913-12-22,1913-01-19,Capricorn,0
1913-01-20,1913-02-18,Aquarius,0
1913-02-19,1913-03-20,Pisces,0
1914-03-19,1914-04-20,Aries,0
1914-04-21,1914-05-20,Taurus,0
1914-05-21,1914-06-20,Gemini,0
1914-06-21,1914-07-22,Cancer,0
1914-07-23,1914-08-22,Leo,0
1914-08-23,1914-09-22,Virgo,0
1914-09-23,1914-10-22,Libra,0
1914-10-23,1914-11-21,Scorpio,0
1914-11-22,1914-12-21,Sagittarius,0
1914-12-22,1914-01-19,Capricorn,0
1914-01-20,1914-02-18,Aquarius,0
1914-02-19,1914-03-20,Pisces,0
1915-03-19,1915-04-20,Aries,0
1915-04-21,1915-05-20,Taurus,0
1915-05-21,1915-06-20,Gemini,0
1915-06-21,1915-07-22,Cancer,0
1915-07-23,1915-08-22,Leo,0
1915-08-23,1915-09-22,Virgo,0
1915-09-23,1915-10-22,Libra,0
1915-10-23,1915-11-21,Scorpio,0
1915-11-22,1915-12-21,Sagittarius,0
1915-12-22,1915-01-19,Capricorn,0
1915-01-20,1915-02-18,Aquarius,0
1915-02-19,1915-03-20,Pisces,0
1916-03-19,1916-04-20,Aries,0
1916-04-21,1916-05-20,Taurus,0
1916-05-21,1916-06-20,Gemini,0
1916-06-21,1916-07-22,Cancer,0
1916-07-23,1916-08-22,Leo,0
1916-08-23,1916-09-22,Virgo,0
1916-09-23,1916-10-22,Libra,0
1916-10-23,1916-11-21,Scorpio,0
1916-11-22,1916-12-21,Sagittarius,0
1916-12-22,1916-01-19,Capricorn,0
1916-01-20,1916-02-18,Aquarius,0
1916-02-19,1916-03-20,Pisces,0
1917-03-19,1917-04-20,Aries,0
1917-04-21,1917-05-20,Taurus,0
1917-05-21,1917-06-20,Gemini,0
1917-06-21,1917-07-22,Cancer,0
1917-07-23,1917-08-22,Leo,0
1917-08-23,1917-09-22,Virgo,0
1917-09-23,1917-10-22,Libra,0
1917-10-23,1917-11-21,Scorpio,0
1917-11-22,1917-12-21,Sagittarius,0
1917-12-22,1917-01-19,Capricorn,0
1917-01-20,1917-02-18,Aquarius,0
1917-02-19,1917-03-20,Pisces,0
1918-03-19,1918-04-20,Aries,0
1918-04-21,1918-05-20,Taurus,0
1918-05-21,1918-06-20,Gemini,0
1918-06-21,1918-07-22,Cancer,0
1918-07-23,1918-08-22,Leo,0
1918-08-23,1918-09-22,Virgo,0
1918-09-23,1918-10-22,Libra,0
1918-10-23,1918-11-21,Scorpio,0
1918-11-22,1918-12-21,Sagittarius,0
1918-12-22,1918-01-19,Capricorn,0
1918-01-20,1918-02-18,Aquarius,0
1918-02-19,1918-03-20,Pisces,0
1919-03-19,1919-04-20,Aries,0
1919-04-21,1919-05-20,Taurus,0
1919-05-21,1919-06-20,Gemini,0
1919-06-21,1919-07-22,Cancer,0
1919-07-23,1919-08-22,Leo,0
1919-08-23,1919-09-22,Virgo,0
1919-09-23,1919-10-22,Libra,0
1919-10-23,1919-11-21,Scorpio,0
1919-11-22,1919-12-21,Sagittarius,0
1919-12-22,1919-01-19,Capricorn,0
1919-01-20,1919-02-18,Aquarius,0
1919-02-19,1919-03-20,Pisces,0
1920-03-19,1920-04-20,Aries,0
1920-04-21,1920-05-20,Taurus,0
1920-05-21,1920-06-20,Gemini,0
1920-06-21,1920-07-22,Cancer,0
1920-07-23,1920-08-22,Leo,0
1920-08-23,1920-09-22,Virgo,0
1920-09-23,1920-10-22,Libra,0
1920-10-23,1920-11-21,Scorpio,0
1920-11-22,1920-12-21,Sagittarius,0
1920-12-22,1920-01-19,Capricorn,0
1920-01-20,1920-02-18,Aquarius,0
1920-02-19,1920-03-20,Pisces,0
1921-03-19,1921-04-20,Aries,0
1921-04-21,1921-05-20,Taurus,0
1921-05-21,1921-06-20,Gemini,0
1921-06-21,1921-07-22,Cancer,0
1921-07-23,1921-08-22,Leo,0
1921-08-23,1921-09-22,Virgo,0
1921-09-23,1921-10-22,Libra,0
1921-10-23,1921-11-21,Scorpio,0
1921-11-22,1921-12-21,Sagittarius,0
1921-12-22,1921-01-19,Capricorn,0
1921-01-20,1921-02-18,Aquarius,0
1921-02-19,1921-03-20,Pisces,0
1922-03-19,1922-04-20,Aries,0
1922-04-21,1922-05-20,Taurus,0
1922-05-21,1922-06-20,Gemini,0
1922-06-21,1922-07-22,Cancer,0
1922-07-23,1922-08-22,Leo,0
1922-08-23,1922-09-22,Virgo,0
1922-09-23,1922-10-22,Libra,0
1922-10-23,1922-11-21,Scorpio,0
1922-11-22,1922-12-21,Sagittarius,0
1922-12-22,1922-01-19,Capricorn,0
1922-01-20,1922-02-18,Aquarius,0
1922-02-19,1922-03-20,Pisces,0
1923-03-19,1923-04-20,Aries,0
1923-04-21,1923-05-20,Taurus,0
1923-05-21,1923-06-20,Gemini,0
1923-06-21,1923-07-22,Cancer,0
1923-07-23,1923-08-22,Leo,0
1923-08-23,1923-09-22,Virgo,0
1923-09-23,1923-10-22,Libra,0
1923-10-23,1923-11-21,Scorpio,0
1923-11-22,1923-12-21,Sagittarius,0
1923-12-22,1923-01-19,Capricorn,0
1923-01-20,1923-02-18,Aquarius,0
1923-02-19,1923-03-20,Pisces,0
1924-03-19,1924-04-20,Aries,0
1924-04-21,1924-05-20,Taurus,0
1924-05-21,1924-06-20,Gemini,0
1924-06-21,1924-07-22,Cancer,0
1924-07-23,1924-08-22,Leo,0
1924-08-23,1924-09-22,Virgo,0
1924-09-23,1924-10-22,Libra,0
1924-10-23,1924-11-21,Scorpio,0
1924-11-22,1924-12-21,Sagittarius,0
1924-12-22,1924-01-19,Capricorn,0
1924-01-20,1924-02-18,Aquarius,0
1924-02-19,1924-03-20,Pisces,0
1925-03-19,1925-04-20,Aries,0
1925-04-21,1925-05-20,Taurus,0
1925-05-21,1925-06-20,Gemini,0
1925-06-21,1925-07-22,Cancer,0
1925-07-23,1925-08-22,Leo,0
1925-08-23,1925-09-22,Virgo,0
1925-09-23,1925-10-22,Libra,0
1925-10-23,1925-11-21,Scorpio,0
1925-11-22,1925-12-21,Sagittarius,0
1925-12-22,1925-01-19,Capricorn,0
1925-01-20,1925-02-18,Aquarius,0
1925-02-19,1925-03-20,Pisces,0
1926-03-19,1926-04-20,Aries,0
1926-04-21,1926-05-20,Taurus,0
1926-05-21,1926-06-20,Gemini,0
1926-06-21,1926-07-22,Cancer,0
1926-07-23,1926-08-22,Leo,0
1926-08-23,1926-09-22,Virgo,0
1926-09-23,1926-10-22,Libra,0
1926-10-23,1926-11-21,Scorpio,0
1926-11-22,1926-12-21,Sagittarius,0
1926-12-22,1926-01-19,Capricorn,0
1926-01-20,1926-02-18,Aquarius,0
1926-02-19,1926-03-20,Pisces,0
1927-03-19,1927-04-20,Aries,0
1927-04-21,1927-05-20,Taurus,0
1927-05-21,1927-06-20,Gemini,0
1927-06-21,1927-07-22,Cancer,0
1927-07-23,1927-08-22,Leo,0
1927-08-23,1927-09-22,Virgo,0
1927-09-23,1927-10-22,Libra,0
1927-10-23,1927-11-21,Scorpio,0
1927-11-22,1927-12-21,Sagittarius,0
1927-12-22,1927-01-19,Capricorn,0
1927-01-20,1927-02-18,Aquarius,0
1927-02-19,1927-03-20,Pisces,0
1928-03-19,1928-04-20,Aries,0
1928-04-21,1928-05-20,Taurus,0
1928-05-21,1928-06-20,Gemini,0
1928-06-21,1928-07-22,Cancer,0
1928-07-23,1928-08-22,Leo,0
1928-08-23,1928-09-22,Virgo,0
1928-09-23,1928-10-22,Libra,0
1928-10-23,1928-11-21,Scorpio,0
1928-11-22,1928-12-21,Sagittarius,0
1928-12-22,1928-01-19,Capricorn,0
1928-01-20,1928-02-18,Aquarius,0
1928-02-19,1928-03-20,Pisces,0
1929-03-19,1929-04-20,Aries,0
1929-04-21,1929-05-20,Taurus,0
1929-05-21,1929-06-20,Gemini,0
1929-06-21,1929-07-22,Cancer,0
1929-07-23,1929-08-22,Leo,0
1929-08-23,1929-09-22,Virgo,0
1929-09-23,1929-10-22,Libra,0
1929-10-23,1929-11-21,Scorpio,0
1929-11-22,1929-12-21,Sagittarius,0
1929-12-22,1929-01-19,Capricorn,0
1929-01-20,1929-02-18,Aquarius,0
1929-02-19,1929-03-20,Pisces,0
1930-03-19,1930-04-20,Aries,0
1930-04-21,1930-05-20,Taurus,0
1930-05-21,1930-06-20,Gemini,0
1930-06-21,1930-07-22,Cancer,0
1930-07-23,1930-08-22,Leo,0
1930-08-23,1930-09-22,Virgo,0
1930-09-23,1930-10-22,Libra,0
1930-10-23,1930-11-21,Scorpio,0
1930-11-22,1930-12-21,Sagittarius,0
1930-12-22,1930-01-19,Capricorn,0
1930-01-20,1930-02-18,Aquarius,0
1930-02-19,1930-03-20,Pisces,0
1931-03-19,1931-04-20,Aries,0
1931-04-21,1931-05-20,Taurus,0
1931-05-21,1931-06-20,Gemini,0
1931-06-21,1931-07-22,Cancer,0
1931-07-23,1931-08-22,Leo,0
1931-08-23,1931-09-22,Virgo,0
1931-09-23,1931-10-22,Libra,0
1931-10-23,1931-11-21,Scorpio,0
1931-11-22,1931-12-21,Sagittarius,0
1931-12-22,1931-01-19,Capricorn,0
1931-01-20,1931-02-18,Aquarius,0
1931-02-19,1931-03-20,Pisces,0
1932-03-19,1932-04-20,Aries,0
1932-04-21,1932-05-20,Taurus,0
1932-05-21,1932-06-20,Gemini,0
1932-06-21,1932-07-22,Cancer,0
1932-07-23,1932-08-22,Leo,0
1932-08-23,1932-09-22,Virgo,0
1932-09-23,1932-10-22,Libra,0
1932-10-23,1932-11-21,Scorpio,0
1932-11-22,1932-12-21,Sagittarius,0
1932-12-22,1932-01-19,Capricorn,0
1932-01-20,1932-02-18,Aquarius,0
1932-02-19,1932-03-20,Pisces,0
1933-03-19,1933-04-20,Aries,0
1933-04-21,1933-05-20,Taurus,0
1933-05-21,1933-06-20,Gemini,0
1933-06-21,1933-07-22,Cancer,0
1933-07-23,1933-08-22,Leo,0
1933-08-23,1933-09-22,Virgo,0
1933-09-23,1933-10-22,Libra,0
1933-10-23,1933-11-21,Scorpio,0
1933-11-22,1933-12-21,Sagittarius,0
1933-12-22,1933-01-19,Capricorn,0
1933-01-20,1933-02-18,Aquarius,0
1933-02-19,1933-03-20,Pisces,0
1934-03-19,1934-04-20,Aries,0
1934-04-21,1934-05-20,Taurus,0
1934-05-21,1934-06-20,Gemini,0
1934-06-21,1934-07-22,Cancer,0
1934-07-23,1934-08-22,Leo,0
1934-08-23,1934-09-22,Virgo,0
1934-09-23,1934-10-22,Libra,0
1934-10-23,1934-11-21,Scorpio,0
1934-11-22,1934-12-21,Sagittarius,0
1934-12-22,1934-01-19,Capricorn,0
1934-01-20,1934-02-18,Aquarius,0
1934-02-19,1934-03-20,Pisces,0
1935-03-19,1935-04-20,Aries,0
1935-04-21,1935-05-20,Taurus,0
1935-05-21,1935-06-20,Gemini,0
1935-06-21,1935-07-22,Cancer,0
1935-07-23,1935-08-22,Leo,0
1935-08-23,1935-09-22,Virgo,0
1935-09-23,1935-10-22,Libra,0
1935-10-23,1935-11-21,Scorpio,0
1935-11-22,1935-12-21,Sagittarius,0
1935-12-22,1935-01-19,Capricorn,0
1935-01-20,1935-02-18,Aquarius,0
1935-02-19,1935-03-20,Pisces,0
1936-03-19,1936-04-20,Aries,0
1936-04-21,1936-05-20,Taurus,0
1936-05-21,1936-06-20,Gemini,0
1936-06-21,1936-07-22,Cancer,0
1936-07-23,1936-08-22,Leo,0
1936-08-23,1936-09-22,Virgo,0
1936-09-23,1936-10-22,Libra,0
1936-10-23,1936-11-21,Scorpio,0
1936-11-22,1936-12-21,Sagittarius,0
1936-12-22,1936-01-19,Capricorn,0
1936-01-20,1936-02-18,Aquarius,0
1936-02-19,1936-03-20,Pisces,0
1937-03-19,1937-04-20,Aries,0
1937-04-21,1937-05-20,Taurus,0
1937-05-21,1937-06-20,Gemini,0
1937-06-21,1937-07-22,Cancer,0
1937-07-23,1937-08-22,Leo,0
1937-08-23,1937-09-22,Virgo,0
1937-09-23,1937-10-22,Libra,0
1937-10-23,1937-11-21,Scorpio,0
1937-11-22,1937-12-21,Sagittarius,0
1937-12-22,1937-01-19,Capricorn,0
1937-01-20,1937-02-18,Aquarius,0
1937-02-19,1937-03-20,Pisces,0
1938-03-19,1938-04-20,Aries,0
1938-04-21,1938-05-20,Taurus,0
1938-05-21,1938-06-20,Gemini,0
1938-06-21,1938-07-22,Cancer,0
1938-07-23,1938-08-22,Leo,0
1938-08-23,1938-09-22,Virgo,0
1938-09-23,1938-10-22,Libra,0
1938-10-23,1938-11-21,Scorpio,0
1938-11-22,1938-12-21,Sagittarius,0
1938-12-22,1938-01-19,Capricorn,0
1938-01-20,1938-02-18,Aquarius,0
1938-02-19,1938-03-20,Pisces,0
1939-03-19,1939-04-20,Aries,0
1939-04-21,1939-05-20,Taurus,0
1939-05-21,1939-06-20,Gemini,0
1939-06-21,1939-07-22,Cancer,0
1939-07-23,1939-08-22,Leo,0
1939-08-23,1939-09-22,Virgo,0
1939-09-23,1939-10-22,Libra,0
1939-10-23,1939-11-21,Scorpio,0
1939-11-22,1939-12-21,Sagittarius,0
1939-12-22,1939-01-19,Capricorn,0
1939-01-20,1939-02-18,Aquarius,0
1939-02-19,1939-03-20,Pisces,0
1940-03-19,1940-04-20,Aries,0
1940-04-21,1940-05-20,Taurus,0
1940-05-21,1940-06-20,Gemini,0
1940-06-21,1940-07-22,Cancer,0
1940-07-23,1940-08-22,Leo,0
1940-08-23,1940-09-22,Virgo,0
1940-09-23,1940-10-22,Libra,0
1940-10-23,1940-11-21,Scorpio,0
1940-11-22,1940-12-21,Sagittarius,0
1940-12-22,1940-01-19,Capricorn,0
1940-01-20,1940-02-18,Aquarius,0
1940-02-19,1940-03-20,Pisces,0
1941-03-19,1941-04-20,Aries,0
1941-04-21,1941-05-20,Taurus,0
1941-05-21,1941-06-20,Gemini,0
1941-06-21,1941-07-22,Cancer,0
1941-07-23,1941-08-22,Leo,0
1941-08-23,1941-09-22,Virgo,0
1941-09-23,1941-10-22,Libra,0
1941-10-23,1941-11-21,Scorpio,0
1941-11-22,1941-12-21,Sagittarius,0
1941-12-22,1941-01-19,Capricorn,0
1941-01-20,1941-02-18,Aquarius,0
1941-02-19,1941-03-20,Pisces,0
1942-03-19,1942-04-20,Aries,0
1942-04-21,1942-05-20,Taurus,0
1942-05-21,1942-06-20,Gemini,0
1942-06-21,1942-07-22,Cancer,0
1942-07-23,1942-08-22,Leo,0
1942-08-23,1942-09-22,Virgo,0
1942-09-23,1942-10-22,Libra,0
1942-10-23,1942-11-21,Scorpio,0
1942-11-22,1942-12-21,Sagittarius,0
1942-12-22,1942-01-19,Capricorn,0
1942-01-20,1942-02-18,Aquarius,0
1942-02-19,1942-03-20,Pisces,0
1943-03-19,1943-04-20,Aries,0
1943-04-21,1943-05-20,Taurus,0
1943-05-21,1943-06-20,Gemini,0
1943-06-21,1943-07-22,Cancer,0
1943-07-23,1943-08-22,Leo,0
1943-08-23,1943-09-22,Virgo,0
1943-09-23,1943-10-22,Libra,0
1943-10-23,1943-11-21,Scorpio,0
1943-11-22,1943-12-21,Sagittarius,0
1943-12-22,1943-01-19,Capricorn,0
1943-01-20,1943-02-18,Aquarius,0
1943-02-19,1943-03-20,Pisces,0
1944-03-19,1944-04-20,Aries,0
1944-04-21,1944-05-20,Taurus,0
1944-05-21,1944-06-20,Gemini,0
1944-06-21,1944-07-22,Cancer,0
1944-07-23,1944-08-22,Leo,0
1944-08-23,1944-09-22,Virgo,0
1944-09-23,1944-10-22,Libra,0
1944-10-23,1944-11-21,Scorpio,0
1944-11-22,1944-12-21,Sagittarius,0
1944-12-22,1944-01-19,Capricorn,0
1944-01-20,1944-02-18,Aquarius,0
1944-02-19,1944-03-20,Pisces,0
1945-03-19,1945-04-20,Aries,0
1945-04-21,1945-05-20,Taurus,0
1945-05-21,1945-06-20,Gemini,0
1945-06-21,1945-07-22,Cancer,0
1945-07-23,1945-08-22,Leo,0
1945-08-23,1945-09-22,Virgo,0
1945-09-23,1945-10-22,Libra,0
1945-10-23,1945-11-21,Scorpio,0
1945-11-22,1945-12-21,Sagittarius,0
1945-12-22,1945-01-19,Capricorn,0
1945-01-20,1945-02-18,Aquarius,0
1945-02-19,1945-03-20,Pisces,0
1946-03-19,1946-04-20,Aries,0
1946-04-21,1946-05-20,Taurus,0
1946-05-21,1946-06-20,Gemini,0
1946-06-21,1946-07-22,Cancer,0
1946-07-23,1946-08-22,Leo,0
1946-08-23,1946-09-22,Virgo,0
1946-09-23,1946-10-22,Libra,0
1946-10-23,1946-11-21,Scorpio,0
1946-11-22,1946-12-21,Sagittarius,0
1946-12-22,1946-01-19,Capricorn,0
1946-01-20,1946-02-18,Aquarius,0
1946-02-19,1946-03-20,Pisces,0
1947-03-19,1947-04-20,Aries,0
1947-04-21,1947-05-20,Taurus,0
1947-05-21,1947-06-20,Gemini,0
1947-06-21,1947-07-22,Cancer,0
1947-07-23,1947-08-22,Leo,0
1947-08-23,1947-09-22,Virgo,0
1947-09-23,1947-10-22,Libra,0
1947-10-23,1947-11-21,Scorpio,0
1947-11-22,1947-12-21,Sagittarius,0
1947-12-22,1947-01-19,Capricorn,0
1947-01-20,1947-02-18,Aquarius,0
1947-02-19,1947-03-20,Pisces,0
1948-03-19,1948-04-20,Aries,0
1948-04-21,1948-05-20,Taurus,0
1948-05-21,1948-06-20,Gemini,0
1948-06-21,1948-07-22,Cancer,0
1948-07-23,1948-08-22,Leo,0
1948-08-23,1948-09-22,Virgo,0
1948-09-23,1948-10-22,Libra,0
1948-10-23,1948-11-21,Scorpio,0
1948-11-22,1948-12-21,Sagittarius,0
1948-12-22,1948-01-19,Capricorn,0
1948-01-20,1948-02-18,Aquarius,0
1948-02-19,1948-03-20,Pisces,0
1949-03-19,1949-04-20,Aries,0
1949-04-21,1949-05-20,Taurus,0
1949-05-21,1949-06-20,Gemini,0
1949-06-21,1949-07-22,Cancer,0
1949-07-23,1949-08-22,Leo,0
1949-08-23,1949-09-22,Virgo,0
1949-09-23,1949-10-22,Libra,0
1949-10-23,1949-11-21,Scorpio,0
1949-11-22,1949-12-21,Sagittarius,0
1949-12-22,1949-01-19,Capricorn,0
1949-01-20,1949-02-18,Aquarius,0
1949-02-19,1949-03-20,Pisces,0
1950-03-19,1950-04-20,Aries,0
1950-04-21,1950-05-20,Taurus,0
1950-05-21,1950-06-20,Gemini,0
1950-06-21,1950-07-22,Cancer,0
1950-07-23,1950-08-22,Leo,0
1950-08-23,1950-09-22,Virgo,0
1950-09-23,1950-10-22,Libra,0
1950-10-23,1950-11-21,Scorpio,0
1950-11-22,1950-12-21,Sagittarius,0
1950-12-22,1950-01-19,Capricorn,0
1950-01-20,1950-02-18,Aquarius,0
1950-02-19,1950-03-20,Pisces,0
1951-03-19,1951-04-20,Aries,0
1951-04-21,1951-05-20,Taurus,0
1951-05-21,1951-06-20,Gemini,0
1951-06-21,1951-07-22,Cancer,0
1951-07-23,1951-08-22,Leo,0
1951-08-23,1951-09-22,Virgo,0
1951-09-23,1951-10-22,Libra,0
1951-10-23,1951-11-21,Scorpio,0
1951-11-22,1951-12-21,Sagittarius,0
1951-12-22,1951-01-19,Capricorn,0
1951-01-20,1951-02-18,Aquarius,0
1951-02-19,1951-03-20,Pisces,0
1952-03-19,1952-04-20,Aries,0
1952-04-21,1952-05-20,Taurus,0
1952-05-21,1952-06-20,Gemini,0
1952-06-21,1952-07-22,Cancer,0
1952-07-23,1952-08-22,Leo,0
1952-08-23,1952-09-22,Virgo,0
1952-09-23,1952-10-22,Libra,0
1952-10-23,1952-11-21,Scorpio,0
1952-11-22,1952-12-21,Sagittarius,0
1952-12-22,1952-01-19,Capricorn,0
1952-01-20,1952-02-18,Aquarius,0
1952-02-19,1952-03-20,Pisces,0
1953-03-19,1953-04-20,Aries,0
1953-04-21,1953-05-20,Taurus,0
1953-05-21,1953-06-20,Gemini,0
1953-06-21,1953-07-22,Cancer,0
1953-07-23,1953-08-22,Leo,0
1953-08-23,1953-09-22,Virgo,0
1953-09-23,1953-10-22,Libra,0
1953-10-23,1953-11-21,Scorpio,0
1953-11-22,1953-12-21,Sagittarius,0
1953-12-22,1953-01-19,Capricorn,0
1953-01-20,1953-02-18,Aquarius,0
1953-02-19,1953-03-20,Pisces,0
1954-03-19,1954-04-20,Aries,0
1954-04-21,1954-05-20,Taurus,0
1954-05-21,1954-06-20,Gemini,0
1954-06-21,1954-07-22,Cancer,0
1954-07-23,1954-08-22,Leo,0
1954-08-23,1954-09-22,Virgo,0
1954-09-23,1954-10-22,Libra,0
1954-10-23,1954-11-21,Scorpio,0
1954-11-22,1954-12-21,Sagittarius,0
1954-12-22,1954-01-19,Capricorn,0
1954-01-20,1954-02-18,Aquarius,0
1954-02-19,1954-03-20,Pisces,0
1955-03-19,1955-04-20,Aries,0
1955-04-21,1955-05-20,Taurus,0
1955-05-21,1955-06-20,Gemini,0
1955-06-21,1955-07-22,Cancer,0
1955-07-23,1955-08-22,Leo,0
1955-08-23,1955-09-22,Virgo,0
1955-09-23,1955-10-22,Libra,0
1955-10-23,1955-11-21,Scorpio,0
1955-11-22,1955-12-21,Sagittarius,0
1955-12-22,1955-01-19,Capricorn,0
1955-01-20,1955-02-18,Aquarius,0
1955-02-19,1955-03-20,Pisces,0
1956-03-19,1956-04-20,Aries,0
1956-04-21,1956-05-20,Taurus,0
1956-05-21,1956-06-20,Gemini,0
1956-06-21,1956-07-22,Cancer,0
1956-07-23,1956-08-22,Leo,0
1956-08-23,1956-09-22,Virgo,0
1956-09-23,1956-10-22,Libra,0
1956-10-23,1956-11-21,Scorpio,0
1956-11-22,1956-12-21,Sagittarius,0
1956-12-22,1956-01-19,Capricorn,0
1956-01-20,1956-02-18,Aquarius,0
1956-02-19,1956-03-20,Pisces,0
1957-03-19,1957-04-20,Aries,0
1957-04-21,1957-05-20,Taurus,0
1957-05-21,1957-06-20,Gemini,0
1957-06-21,1957-07-22,Cancer,0
1957-07-23,1957-08-22,Leo,0
1957-08-23,1957-09-22,Virgo,0
1957-09-23,1957-10-22,Libra,0
1957-10-23,1957-11-21,Scorpio,0
1957-11-22,1957-12-21,Sagittarius,0
1957-12-22,1957-01-19,Capricorn,0
1957-01-20,1957-02-18,Aquarius,0
1957-02-19,1957-03-20,Pisces,0
1958-03-19,1958-04-20,Aries,0
1958-04-21,1958-05-20,Taurus,0
1958-05-21,1958-06-20,Gemini,0
1958-06-21,1958-07-22,Cancer,0
1958-07-23,1958-08-22,Leo,0
1958-08-23,1958-09-22,Virgo,0
1958-09-23,1958-10-22,Libra,0
1958-10-23,1958-11-21,Scorpio,0
1958-11-22,1958-12-21,Sagittarius,0
1958-12-22,1958-01-19,Capricorn,0
1958-01-20,1958-02-18,Aquarius,0
1958-02-19,1958-03-20,Pisces,0
1959-03-19,1959-04-20,Aries,0
1959-04-21,1959-05-20,Taurus,0
1959-05-21,1959-06-20,Gemini,0
1959-06-21,1959-07-22,Cancer,0
1959-07-23,1959-08-22,Leo,0
1959-08-23,1959-09-22,Virgo,0
1959-09-23,1959-10-22,Libra,0
1959-10-23,1959-11-21,Scorpio,0
1959-11-22,1959-12-21,Sagittarius,0
1959-12-22,1959-01-19,Capricorn,0
1959-01-20,1959-02-18,Aquarius,0
1959-02-19,1959-03-20,Pisces,0
1960-03-19,1960-04-20,Aries,0
1960-04-21,1960-05-20,Taurus,0
1960-05-21,1960-06-20,Gemini,0
1960-06-21,1960-07-22,Cancer,0
1960-07-23,1960-08-22,Leo,0
1960-08-23,1960-09-22,Virgo,0
1960-09-23,1960-10-22,Libra,0
1960-10-23,1960-11-21,Scorpio,0
1960-11-22,1960-12-21,Sagittarius,0
1960-12-22,1960-01-19,Capricorn,0
1960-01-20,1960-02-18,Aquarius,0
1960-02-19,1960-03-20,Pisces,0
1961-03-19,1961-04-20,Aries,0
1961-04-21,1961-05-20,Taurus,0
1961-05-21,1961-06-20,Gemini,0
1961-06-21,1961-07-22,Cancer,0
1961-07-23,1961-08-22,Leo,0
1961-08-23,1961-09-22,Virgo,0
1961-09-23,1961-10-22,Libra,0
1961-10-23,1961-11-21,Scorpio,0
1961-11-22,1961-12-21,Sagittarius,0
1961-12-22,1961-01-19,Capricorn,0
1961-01-20,1961-02-18,Aquarius,0
1961-02-19,1961-03-20,Pisces,0
1962-03-19,1962-04-20,Aries,0
1962-04-21,1962-05-20,Taurus,0
1962-05-21,1962-06-20,Gemini,0
1962-06-21,1962-07-22,Cancer,0
1962-07-23,1962-08-22,Leo,0
1962-08-23,1962-09-22,Virgo,0
1962-09-23,1962-10-22,Libra,0
1962-10-23,1962-11-21,Scorpio,0
1962-11-22,1962-12-21,Sagittarius,0
1962-12-22,1962-01-19,Capricorn,0
1962-01-20,1962-02-18,Aquarius,0
1962-02-19,1962-03-20,Pisces,0
1963-03-19,1963-04-20,Aries,0
1963-04-21,1963-05-20,Taurus,0
1963-05-21,1963-06-20,Gemini,0
1963-06-21,1963-07-22,Cancer,0
1963-07-23,1963-08-22,Leo,0
1963-08-23,1963-09-22,Virgo,0
1963-09-23,1963-10-22,Libra,0
1963-10-23,1963-11-21,Scorpio,0
1963-11-22,1963-12-21,Sagittarius,0
1963-12-22,1963-01-19,Capricorn,0
1963-01-20,1963-02-18,Aquarius,0
1963-02-19,1963-03-20,Pisces,0
1964-03-19,1964-04-20,Aries,0
1964-04-21,1964-05-20,Taurus,0
1964-05-21,1964-06-20,Gemini,0
1964-06-21,1964-07-22,Cancer,0
1964-07-23,1964-08-22,Leo,0
1964-08-23,1964-09-22,Virgo,0
1964-09-23,1964-10-22,Libra,0
1964-10-23,1964-11-21,Scorpio,0
1964-11-22,1964-12-21,Sagittarius,0
1964-12-22,1964-01-19,Capricorn,0
1964-01-20,1964-02-18,Aquarius,0
1964-02-19,1964-03-20,Pisces,0
1965-03-19,1965-04-20,Aries,0
1965-04-21,1965-05-20,Taurus,0
1965-05-21,1965-06-20,Gemini,0
1965-06-21,1965-07-22,Cancer,0
1965-07-23,1965-08-22,Leo,0
1965-08-23,1965-09-22,Virgo,0
1965-09-23,1965-10-22,Libra,0
1965-10-23,1965-11-21,Scorpio,0
1965-11-22,1965-12-21,Sagittarius,0
1965-12-22,1965-01-19,Capricorn,0
1965-01-20,1965-02-18,Aquarius,0
1965-02-19,1965-03-20,Pisces,0
1966-03-19,1966-04-20,Aries,0
1966-04-21,1966-05-20,Taurus,0
1966-05-21,1966-06-20,Gemini,0
1966-06-21,1966-07-22,Cancer,0
1966-07-23,1966-08-22,Leo,0
1966-08-23,1966-09-22,Virgo,0
1966-09-23,1966-10-22,Libra,0
1966-10-23,1966-11-21,Scorpio,0
1966-11-22,1966-12-21,Sagittarius,0
1966-12-22,1966-01-19,Capricorn,0
1966-01-20,1966-02-18,Aquarius,0
1966-02-19,1966-03-20,Pisces,0
1967-03-19,1967-04-20,Aries,0
1967-04-21,1967-05-20,Taurus,0
1967-05-21,1967-06-20,Gemini,0
1967-06-21,1967-07-22,Cancer,0
1967-07-23,1967-08-22,Leo,0
1967-08-23,1967-09-22,Virgo,0
1967-09-23,1967-10-22,Libra,0
1967-10-23,1967-11-21,Scorpio,0
1967-11-22,1967-12-21,Sagittarius,0
1967-12-22,1967-01-19,Capricorn,0
1967-01-20,1967-02-18,Aquarius,0
1967-02-19,1967-03-20,Pisces,0
1968-03-19,1968-04-20,Aries,0
1968-04-21,1968-05-20,Taurus,0
1968-05-21,1968-06-20,Gemini,0
1968-06-21,1968-07-22,Cancer,0
1968-07-23,1968-08-22,Leo,0
1968-08-23,1968-09-22,Virgo,0
1968-09-23,1968-10-22,Libra,0
1968-10-23,1968-11-21,Scorpio,0
1968-11-22,1968-12-21,Sagittarius,0
1968-12-22,1968-01-19,Capricorn,0
1968-01-20,1968-02-18,Aquarius,0
1968-02-19,1968-03-20,Pisces,0
1969-03-19,1969-04-20,Aries,0
1969-04-21,1969-05-20,Taurus,0
1969-05-21,1969-06-20,Gemini,0
1969-06-21,1969-07-22,Cancer,0
1969-07-23,1969-08-22,Leo,0
1969-08-23,1969-09-22,Virgo,0
1969-09-23,1969-10-22,Libra,0
1969-10-23,1969-11-21,Scorpio,0
1969-11-22,1969-12-21,Sagittarius,0
1969-12-22,1969-01-19,Capricorn,0
1969-01-20,1969-02-18,Aquarius,0
1969-02-19,1969-03-20,Pisces,0
1970-03-19,1970-04-20,Aries,0
1970-04-21,1970-05-20,Taurus,0
1970-05-21,1970-06-20,Gemini,0
1970-06-21,1970-07-22,Cancer,0
1970-07-23,1970-08-22,Leo,0
1970-08-23,1970-09-22,Virgo,0
1970-09-23,1970-10-22,Libra,0
1970-10-23,1970-11-21,Scorpio,0
1970-11-22,1970-12-21,Sagittarius,0
1970-12-22,1970-01-19,Capricorn,0
1970-01-20,1970-02-18,Aquarius,0
1970-02-19,1970-03-20,Pisces,0
1971-03-19,1971-04-20,Aries,0
1971-04-21,1971-05-20,Taurus,0
1971-05-21,1971-06-20,Gemini,0
1971-06-21,1971-07-22,Cancer,0
1971-07-23,1971-08-22,Leo,0
1971-08-23,1971-09-22,Virgo,0
1971-09-23,1971-10-22,Libra,0
1971-10-23,1971-11-21,Scorpio,0
1971-11-22,1971-12-21,Sagittarius,0
1971-12-22,1971-01-19,Capricorn,0
1971-01-20,1971-02-18,Aquarius,0
1971-02-19,1971-03-20,Pisces,0
1972-03-19,1972-04-20,Aries,0
1972-04-21,1972-05-20,Taurus,0
1972-05-21,1972-06-20,Gemini,0
1972-06-21,1972-07-22,Cancer,0
1972-07-23,1972-08-22,Leo,0
1972-08-23,1972-09-22,Virgo,0
1972-09-23,1972-10-22,Libra,0
1972-10-23,1972-11-21,Scorpio,0
1972-11-22,1972-12-21,Sagittarius,0
1972-12-22,1972-01-19,Capricorn,0
1972-01-20,1972-02-18,Aquarius,0
1972-02-19,1972-03-20,Pisces,0
1973-03-19,1973-04-20,Aries,0
1973-04-21,1973-05-20,Taurus,0
1973-05-21,1973-06-20,Gemini,0
1973-06-21,1973-07-22,Cancer,0
1973-07-23,1973-08-22,Leo,0
1973-08-23,1973-09-22,Virgo,0
1973-09-23,1973-10-22,Libra,0
1973-10-23,1973-11-21,Scorpio,0
1973-11-22,1973-12-21,Sagittarius,0
1973-12-22,1973-01-19,Capricorn,0
1973-01-20,1973-02-18,Aquarius,0
1973-02-19,1973-03-20,Pisces,0
1974-03-19,1974-04-20,Aries,0
1974-04-21,1974-05-20,Taurus,0
1974-05-21,1974-06-20,Gemini,0
1974-06-21,1974-07-22,Cancer,0
1974-07-23,1974-08-22,Leo,0
1974-08-23,1974-09-22,Virgo,0
1974-09-23,1974-10-22,Libra,0
1974-10-23,1974-11-21,Scorpio,0
1974-11-22,1974-12-21,Sagittarius,0
1974-12-22,1974-01-19,Capricorn,0
1974-01-20,1974-02-18,Aquarius,0
1974-02-19,1974-03-20,Pisces,0
1975-03-19,1975-04-20,Aries,0
1975-04-21,1975-05-20,Taurus,0
1975-05-21,1975-06-20,Gemini,0
1975-06-21,1975-07-22,Cancer,0
1975-07-23,1975-08-22,Leo,0
1975-08-23,1975-09-22,Virgo,0
1975-09-23,1975-10-22,Libra,0
1975-10-23,1975-11-21,Scorpio,0
1975-11-22,1975-12-21,Sagittarius,0
1975-12-22,1975-01-19,Capricorn,0
1975-01-20,1975-02-18,Aquarius,0
1975-02-19,1975-03-20,Pisces,0
1976-03-19,1976-04-20,Aries,0
1976-04-21,1976-05-20,Taurus,0
1976-05-21,1976-06-20,Gemini,0
1976-06-21,1976-07-22,Cancer,0
1976-07-23,1976-08-22,Leo,0
1976-08-23,1976-09-22,Virgo,0
1976-09-23,1976-10-22,Libra,0
1976-10-23,1976-11-21,Scorpio,0
1976-11-22,1976-12-21,Sagittarius,0
1976-12-22,1976-01-19,Capricorn,0
1976-01-20,1976-02-18,Aquarius,0
1976-02-19,1976-03-20,Pisces,0
1977-03-19,1977-04-20,Aries,0
1977-04-21,1977-05-20,Taurus,0
1977-05-21,1977-06-20,Gemini,0
1977-06-21,1977-07-22,Cancer,0
1977-07-23,1977-08-22,Leo,0
1977-08-23,1977-09-22,Virgo,0
1977-09-23,1977-10-22,Libra,0
1977-10-23,1977-11-21,Scorpio,0
1977-11-22,1977-12-21,Sagittarius,0
1977-12-22,1977-01-19,Capricorn,0
1977-01-20,1977-02-18,Aquarius,0
1977-02-19,1977-03-20,Pisces,0
1978-03-19,1978-04-20,Aries,0
1978-04-21,1978-05-20,Taurus,0
1978-05-21,1978-06-20,Gemini,0
1978-06-21,1978-07-22,Cancer,0
1978-07-23,1978-08-22,Leo,0
1978-08-23,1978-09-22,Virgo,0
1978-09-23,1978-10-22,Libra,0
1978-10-23,1978-11-21,Scorpio,0
1978-11-22,1978-12-21,Sagittarius,0
1978-12-22,1978-01-19,Capricorn,0
1978-01-20,1978-02-18,Aquarius,0
1978-02-19,1978-03-20,Pisces,0
1979-03-19,1979-04-20,Aries,0
1979-04-21,1979-05-20,Taurus,0
1979-05-21,1979-06-20,Gemini,0
1979-06-21,1979-07-22,Cancer,0
1979-07-23,1979-08-22,Leo,0
1979-08-23,1979-09-22,Virgo,0
1979-09-23,1979-10-22,Libra,0
1979-10-23,1979-11-21,Scorpio,0
1979-11-22,1979-12-21,Sagittarius,0
1979-12-22,1979-01-19,Capricorn,0
1979-01-20,1979-02-18,Aquarius,0
1979-02-19,1979-03-20,Pisces,0
1980-03-19,1980-04-20,Aries,0
1980-04-21,1980-05-20,Taurus,0
1980-05-21,1980-06-20,Gemini,0
1980-06-21,1980-07-22,Cancer,0
1980-07-23,1980-08-22,Leo,0
1980-08-23,1980-09-22,Virgo,0
1980-09-23,1980-10-22,Libra,0
1980-10-23,1980-11-21,Scorpio,0
1980-11-22,1980-12-21,Sagittarius,0
1980-12-22,1980-01-19,Capricorn,0
1980-01-20,1980-02-18,Aquarius,0
1980-02-19,1980-03-20,Pisces,0
1981-03-19,1981-04-20,Aries,0
1981-04-21,1981-05-20,Taurus,0
1981-05-21,1981-06-20,Gemini,0
1981-06-21,1981-07-22,Cancer,0
1981-07-23,1981-08-22,Leo,0
1981-08-23,1981-09-22,Virgo,0
1981-09-23,1981-10-22,Libra,0
1981-10-23,1981-11-21,Scorpio,0
1981-11-22,1981-12-21,Sagittarius,0
1981-12-22,1981-01-19,Capricorn,0
1981-01-20,1981-02-18,Aquarius,0
1981-02-19,1981-03-20,Pisces,0
1982-03-19,1982-04-20,Aries,0
1982-04-21,1982-05-20,Taurus,0
1982-05-21,1982-06-20,Gemini,0
1982-06-21,1982-07-22,Cancer,0
1982-07-23,1982-08-22,Leo,0
1982-08-23,1982-09-22,Virgo,0
1982-09-23,1982-10-22,Libra,0
1982-10-23,1982-11-21,Scorpio,0
1982-11-22,1982-12-21,Sagittarius,0
1982-12-22,1982-01-19,Capricorn,0
1982-01-20,1982-02-18,Aquarius,0
1982-02-19,1982-03-20,Pisces,0
1983-03-19,1983-04-20,Aries,0
1983-04-21,1983-05-20,Taurus,0
1983-05-21,1983-06-20,Gemini,0
1983-06-21,1983-07-22,Cancer,0
1983-07-23,1983-08-22,Leo,0
1983-08-23,1983-09-22,Virgo,0
1983-09-23,1983-10-22,Libra,0
1983-10-23,1983-11-21,Scorpio,0
1983-11-22,1983-12-21,Sagittarius,0
1983-12-22,1983-01-19,Capricorn,0
1983-01-20,1983-02-18,Aquarius,0
1983-02-19,1983-03-20,Pisces,0
1984-03-19,1984-04-20,Aries,0
1984-04-21,1984-05-20,Taurus,0
1984-05-21,1984-06-20,Gemini,0
1984-06-21,1984-07-22,Cancer,0
1984-07-23,1984-08-22,Leo,0
1984-08-23,1984-09-22,Virgo,0
1984-09-23,1984-10-22,Libra,0
1984-10-23,1984-11-21,Scorpio,0
1984-11-22,1984-12-21,Sagittarius,0
1984-12-22,1984-01-19,Capricorn,0
1984-01-20,1984-02-18,Aquarius,0
1984-02-19,1984-03-20,Pisces,0
1985-03-19,1985-04-20,Aries,0
1985-04-21,1985-05-20,Taurus,0
1985-05-21,1985-06-20,Gemini,0
1985-06-21,1985-07-22,Cancer,0
1985-07-23,1985-08-22,Leo,0
1985-08-23,1985-09-22,Virgo,0
1985-09-23,1985-10-22,Libra,0
1985-10-23,1985-11-21,Scorpio,0
1985-11-22,1985-12-21,Sagittarius,0
1985-12-22,1985-01-19,Capricorn,0
1985-01-20,1985-02-18,Aquarius,0
1985-02-19,1985-03-20,Pisces,0
1986-03-19,1986-04-20,Aries,0
1986-04-21,1986-05-20,Taurus,0
1986-05-21,1986-06-20,Gemini,0
1986-06-21,1986-07-22,Cancer,0
1986-07-23,1986-08-22,Leo,0
1986-08-23,1986-09-22,Virgo,0
1986-09-23,1986-10-22,Libra,0
1986-10-23,1986-11-21,Scorpio,0
1986-11-22,1986-12-21,Sagittarius,0
1986-12-22,1986-01-19,Capricorn,0
1986-01-20,1986-02-18,Aquarius,0
1986-02-19,1986-03-20,Pisces,0
1987-03-19,1987-04-20,Aries,0
1987-04-21,1987-05-20,Taurus,0
1987-05-21,1987-06-20,Gemini,0
1987-06-21,1987-07-22,Cancer,0
1987-07-23,1987-08-22,Leo,0
1987-08-23,1987-09-22,Virgo,0
1987-09-23,1987-10-22,Libra,0
1987-10-23,1987-11-21,Scorpio,0
1987-11-22,1987-12-21,Sagittarius,0
1987-12-22,1987-01-19,Capricorn,0
1987-01-20,1987-02-18,Aquarius,0
1987-02-19,1987-03-20,Pisces,0
1988-03-19,1988-04-20,Aries,0
1988-04-21,1988-05-20,Taurus,0
1988-05-21,1988-06-20,Gemini,0
1988-06-21,1988-07-22,Cancer,0
1988-07-23,1988-08-22,Leo,0
1988-08-23,1988-09-22,Virgo,0
1988-09-23,1988-10-22,Libra,0
1988-10-23,1988-11-21,Scorpio,0
1988-11-22,1988-12-21,Sagittarius,0
1988-12-22,1988-01-19,Capricorn,0
1988-01-20,1988-02-18,Aquarius,0
1988-02-19,1988-03-20,Pisces,0
1989-03-19,1989-04-20,Aries,0
1989-04-21,1989-05-20,Taurus,0
1989-05-21,1989-06-20,Gemini,0
1989-06-21,1989-07-22,Cancer,0
1989-07-23,1989-08-22,Leo,0
1989-08-23,1989-09-22,Virgo,0
1989-09-23,1989-10-22,Libra,0
1989-10-23,1989-11-21,Scorpio,0
1989-11-22,1989-12-21,Sagittarius,0
1989-12-22,1989-01-19,Capricorn,0
1989-01-20,1989-02-18,Aquarius,0
1989-02-19,1989-03-20,Pisces,0
1990-03-19,1990-04-20,Aries,0
1990-04-21,1990-05-20,Taurus,0
1990-05-21,1990-06-20,Gemini,0
1990-06-21,1990-07-22,Cancer,0
1990-07-23,1990-08-22,Leo,0
1990-08-23,1990-09-22,Virgo,0
1990-09-23,1990-10-22,Libra,0
1990-10-23,1990-11-21,Scorpio,0
1990-11-22,1990-12-21,Sagittarius,0
1990-12-22,1990-01-19,Capricorn,0
1990-01-20,1990-02-18,Aquarius,0
1990-02-19,1990-03-20,Pisces,0
1991-03-19,1991-04-20,Aries,0
1991-04-21,1991-05-20,Taurus,0
1991-05-21,1991-06-20,Gemini,0
1991-06-21,1991-07-22,Cancer,0
1991-07-23,1991-08-22,Leo,0
1991-08-23,1991-09-22,Virgo,0
1991-09-23,1991-10-22,Libra,0
1991-10-23,1991-11-21,Scorpio,0
1991-11-22,1991-12-21,Sagittarius,0
1991-12-22,1991-01-19,Capricorn,0
1991-01-20,1991-02-18,Aquarius,0
1991-02-19,1991-03-20,Pisces,0
1992-03-19,1992-04-20,Aries,0
1992-04-21,1992-05-20,Taurus,0
1992-05-21,1992-06-20,Gemini,0
1992-06-21,1992-07-22,Cancer,0
1992-07-23,1992-08-22,Leo,0
1992-08-23,1992-09-22,Virgo,0
1992-09-23,1992-10-22,Libra,0
1992-10-23,1992-11-21,Scorpio,0
1992-11-22,1992-12-21,Sagittarius,0
1992-12-22,1992-01-19,Capricorn,0
1992-01-20,1992-02-18,Aquarius,0
1992-02-19,1992-03-20,Pisces,0
1993-03-19,1993-04-20,Aries,0
1993-04-21,1993-05-20,Taurus,0
1993-05-21,1993-06-20,Gemini,0
1993-06-21,1993-07-22,Cancer,0
1993-07-23,1993-08-22,Leo,0
1993-08-23,1993-09-22,Virgo,0
1993-09-23,1993-10-22,Libra,0
1993-10-23,1993-11-21,Scorpio,0
1993-11-22,1993-12-21,Sagittarius,0
1993-12-22,1993-01-19,Capricorn,0
1993-01-20,1993-02-18,Aquarius,0
1993-02-19,1993-03-20,Pisces,0
1994-03-19,1994-04-20,Aries,0
1994-04-21,1994-05-20,Taurus,0
1994-05-21,1994-06-20,Gemini,0
1994-06-21,1994-07-22,Cancer,0
1994-07-23,1994-08-22,Leo,0
1994-08-23,1994-09-22,Virgo,0
1994-09-23,1994-10-22,Libra,0
1994-10-23,1994-11-21,Scorpio,0
1994-11-22,1994-12-21,Sagittarius,0
1994-12-22,1994-01-19,Capricorn,0
1994-01-20,1994-02-18,Aquarius,0
1994-02-19,1994-03-20,Pisces,0
1995-03-19,1995-04-20,Aries,0
1995-04-21,1995-05-20,Taurus,0
1995-05-21,1995-06-20,Gemini,0
1995-06-21,1995-07-22,Cancer,0
1995-07-23,1995-08-22,Leo,0
1995-08-23,1995-09-22,Virgo,0
1995-09-23,1995-10-22,Libra,0
1995-10-23,1995-11-21,Scorpio,0
1995-11-22,1995-12-21,Sagittarius,0
1995-12-22,1995-01-19,Capricorn,0
1995-01-20,1995-02-18,Aquarius,0
1995-02-19,1995-03-20,Pisces,0
1996-03-19,1996-04-20,Aries,0
1996-04-21,1996-05-20,Taurus,0
1996-05-21,1996-06-20,Gemini,0
1996-06-21,1996-07-22,Cancer,0
1996-07-23,1996-08-22,Leo,0
1996-08-23,1996-09-22,Virgo,0
1996-09-23,1996-10-22,Libra,0
1996-10-23,1996-11-21,Scorpio,0
1996-11-22,1996-12-21,Sagittarius,0
1996-12-22,1996-01-19,Capricorn,0
1996-01-20,1996-02-18,Aquarius,0
1996-02-19,1996-03-20,Pisces,0
1997-03-19,1997-04-20,Aries,0
1997-04-21,1997-05-20,Taurus,0
1997-05-21,1997-06-20,Gemini,0
1997-06-21,1997-07-22,Cancer,0
1997-07-23,1997-08-22,Leo,0
1997-08-23,1997-09-22,Virgo,0
1997-09-23,1997-10-22,Libra,0
1997-10-23,1997-11-21,Scorpio,0
1997-11-22,1997-12-21,Sagittarius,0
1997-12-22,1997-01-19,Capricorn,0
1997-01-20,1997-02-18,Aquarius,0
1997-02-19,1997-03-20,Pisces,0
1998-03-19,1998-04-20,Aries,0
1998-04-21,1998-05-20,Taurus,0
1998-05-21,1998-06-20,Gemini,0
1998-06-21,1998-07-22,Cancer,0
1998-07-23,1998-08-22,Leo,0
1998-08-23,1998-09-22,Virgo,0
1998-09-23,1998-10-22,Libra,0
1998-10-23,1998-11-21,Scorpio,0
1998-11-22,1998-12-21,Sagittarius,0
1998-12-22,1998-01-19,Capricorn,0
1998-01-20,1998-02-18,Aquarius,0
1998-02-19,1998-03-20,Pisces,0
1999-03-19,1999-04-20,Aries,0
1999-04-21,1999-05-20,Taurus,0
1999-05-21,1999-06-20,Gemini,0
1999-06-21,1999-07-22,Cancer,0
1999-07-23,1999-08-22,Leo,0
1999-08-23,1999-09-22,Virgo,0
1999-09-23,1999-10-22,Libra,0
1999-10-23,1999-11-21,Scorpio,0
1999-11-22,1999-12-21,Sagittarius,0
1999-12-22,1999-01-19,Capricorn,0
1999-01-20,1999-02-18,Aquarius,0
1999-02-19,1999-03-20,Pisces,0
2000-03-19,2000-04-20,Aries,0
2000-04-21,2000-05-20,Taurus,0
2000-05-21,2000-06-20,Gemini,0
2000-06-21,2000-07-22,Cancer,0
2000-07-23,2000-08-22,Leo,0
2000-08-23,2000-09-22,Virgo,0
2000-09-23,2000-10-22,Libra,0
2000-10-23,2000-11-21,Scorpio,0
2000-11-22,2000-12-21,Sagittarius,0
2000-12-22,2000-01-19,Capricorn,0
2000-01-20,2000-02-18,Aquarius,0
2000-02-19,2000-03-20,Pisces,0
2001-03-19,2001-04-20,Aries,0
2001-04-21,2001-05-20,Taurus,0
2001-05-21,2001-06-20,Gemini,0
2001-06-21,2001-07-22,Cancer,0
2001-07-23,2001-08-22,Leo,0
2001-08-23,2001-09-22,Virgo,0
2001-09-23,2001-10-22,Libra,0
2001-10-23,2001-11-21,Scorpio,0
2001-11-22,2001-12-21,Sagittarius,0
2001-12-22,2001-01-19,Capricorn,0
2001-01-20,2001-02-18,Aquarius,0
2001-02-19,2001-03-20,Pisces,0
2002-03-19,2002-04-20,Aries,0
2002-04-21,2002-05-20,Taurus,0
2002-05-21,2002-06-20,Gemini,0
2002-06-21,2002-07-22,Cancer,0
2002-07-23,2002-08-22,Leo,0
2002-08-23,2002-09-22,Virgo,0
2002-09-23,2002-10-22,Libra,0
2002-10-23,2002-11-21,Scorpio,0
2002-11-22,2002-12-21,Sagittarius,0
2002-12-22,2002-01-19,Capricorn,0
2002-01-20,2002-02-18,Aquarius,0
2002-02-19,2002-03-20,Pisces,0
2003-03-19,2003-04-20,Aries,0
2003-04-21,2003-05-20,Taurus,0
2003-05-21,2003-06-20,Gemini,0
2003-06-21,2003-07-22,Cancer,0
2003-07-23,2003-08-22,Leo,0
2003-08-23,2003-09-22,Virgo,0
2003-09-23,2003-10-22,Libra,0
2003-10-23,2003-11-21,Scorpio,0
2003-11-22,2003-12-21,Sagittarius,0
2003-12-22,2003-01-19,Capricorn,0
2003-01-20,2003-02-18,Aquarius,0
2003-02-19,2003-03-20,Pisces,0
2004-03-19,2004-04-20,Aries,0
2004-04-21,2004-05-20,Taurus,0
2004-05-21,2004-06-20,Gemini,0
2004-06-21,2004-07-22,Cancer,0
2004-07-23,2004-08-22,Leo,0
2004-08-23,2004-09-22,Virgo,0
2004-09-23,2004-10-22,Libra,0
2004-10-23,2004-11-21,Scorpio,0
2004-11-22,2004-12-21,Sagittarius,0
2004-12-22,2004-01-19,Capricorn,0
2004-01-20,2004-02-18,Aquarius,0
2004-02-19,2004-03-20,Pisces,0
2005-03-19,2005-04-20,Aries,0
2005-04-21,2005-05-20,Taurus,0
2005-05-21,2005-06-20,Gemini,0
2005-06-21,2005-07-22,Cancer,0
2005-07-23,2005-08-22,Leo,0
2005-08-23,2005-09-22,Virgo,0
2005-09-23,2005-10-22,Libra,0
2005-10-23,2005-11-21,Scorpio,0
2005-11-22,2005-12-21,Sagittarius,0
2005-12-22,2005-01-19,Capricorn,0
2005-01-20,2005-02-18,Aquarius,0
2005-02-19,2005-03-20,Pisces,0
2006-03-19,2006-04-20,Aries,0
2006-04-21,2006-05-20,Taurus,0
2006-05-21,2006-06-20,Gemini,0
2006-06-21,2006-07-22,Cancer,0
2006-07-23,2006-08-22,Leo,0
2006-08-23,2006-09-22,Virgo,0
2006-09-23,2006-10-22,Libra,0
2006-10-23,2006-11-21,Scorpio,0
2006-11-22,2006-12-21,Sagittarius,0
2006-12-22,2006-01-19,Capricorn,0
2006-01-20,2006-02-18,Aquarius,0
2006-02-19,2006-03-20,Pisces,0
2007-03-19,2007-04-20,Aries,0
2007-04-21,2007-05-20,Taurus,0
2007-05-21,2007-06-20,Gemini,0
2007-06-21,2007-07-22,Cancer,0
2007-07-23,2007-08-22,Leo,0
2007-08-23,2007-09-22,Virgo,0
2007-09-23,2007-10-22,Libra,0
2007-10-23,2007-11-21,Scorpio,0
2007-11-22,2007-12-21,Sagittarius,0
2007-12-22,2007-01-19,Capricorn,0
2007-01-20,2007-02-18,Aquarius,0
2007-02-19,2007-03-20,Pisces,0
2008-03-19,2008-04-20,Aries,0
2008-04-21,2008-05-20,Taurus,0
2008-05-21,2008-06-20,Gemini,0
2008-06-21,2008-07-22,Cancer,0
2008-07-23,2008-08-22,Leo,0
2008-08-23,2008-09-22,Virgo,0
2008-09-23,2008-10-22,Libra,0
2008-10-23,2008-11-21,Scorpio,0
2008-11-22,2008-12-21,Sagittarius,0
2008-12-22,2008-01-19,Capricorn,0
2008-01-20,2008-02-18,Aquarius,0
2008-02-19,2008-03-20,Pisces,0
2009-03-19,2009-04-20,Aries,0
2009-04-21,2009-05-20,Taurus,0
2009-05-21,2009-06-20,Gemini,0
2009-06-21,2009-07-22,Cancer,0
2009-07-23,2009-08-22,Leo,0
2009-08-23,2009-09-22,Virgo,0
2009-09-23,2009-10-22,Libra,0
2009-10-23,2009-11-21,Scorpio,0
2009-11-22,2009-12-21,Sagittarius,0
2009-12-22,2009-01-19,Capricorn,0
2009-01-20,2009-02-18,Aquarius,0
2009-02-19,2009-03-20,Pisces,0
2010-03-19,2010-04-20,Aries,0
2010-04-21,2010-05-20,Taurus,0
2010-05-21,2010-06-20,Gemini,0
2010-06-21,2010-07-22,Cancer,0
2010-07-23,2010-08-22,Leo,0
2010-08-23,2010-09-22,Virgo,0
2010-09-23,2010-10-22,Libra,0
2010-10-23,2010-11-21,Scorpio,0
2010-11-22,2010-12-21,Sagittarius,0
2010-12-22,2010-01-19,Capricorn,0
2010-01-20,2010-02-18,Aquarius,0
2010-02-19,2010-03-20,Pisces,0
2011-03-19,2011-04-20,Aries,0
2011-04-21,2011-05-20,Taurus,0
2011-05-21,2011-06-20,Gemini,0
2011-06-21,2011-07-22,Cancer,0
2011-07-23,2011-08-22,Leo,0
2011-08-23,2011-09-22,Virgo,0
2011-09-23,2011-10-22,Libra,0
2011-10-23,2011-11-21,Scorpio,0
2011-11-22,2011-12-21,Sagittarius,0
2011-12-22,2011-01-19,Capricorn,0
2011-01-20,2011-02-18,Aquarius,0
2011-02-19,2011-03-20,Pisces,0
2012-03-19,2012-04-20,Aries,0
2012-04-21,2012-05-20,Taurus,0
2012-05-21,2012-06-20,Gemini,0
2012-06-21,2012-07-22,Cancer,0
2012-07-23,2012-08-22,Leo,0
2012-08-23,2012-09-22,Virgo,0
2012-09-23,2012-10-22,Libra,0
2012-10-23,2012-11-21,Scorpio,0
2012-11-22,2012-12-21,Sagittarius,0
2012-12-22,2012-01-19,Capricorn,0
2012-01-20,2012-02-18,Aquarius,0
2012-02-19,2012-03-20,Pisces,0
2013-03-19,2013-04-20,Aries,0
2013-04-21,2013-05-20,Taurus,0
2013-05-21,2013-06-20,Gemini,0
2013-06-21,2013-07-22,Cancer,0
2013-07-23,2013-08-22,Leo,0
2013-08-23,2013-09-22,Virgo,0
2013-09-23,2013-10-22,Libra,0
2013-10-23,2013-11-21,Scorpio,0
2013-11-22,2013-12-21,Sagittarius,0
2013-12-22,2013-01-19,Capricorn,0
2013-01-20,2013-02-18,Aquarius,0
2013-02-19,2013-03-20,Pisces,0
2014-03-19,2014-04-20,Aries,0
2014-04-21,2014-05-20,Taurus,0
2014-05-21,2014-06-20,Gemini,0
2014-06-21,2014-07-22,Cancer,0
2014-07-23,2014-08-22,Leo,0
2014-08-23,2014-09-22,Virgo,0
2014-09-23,2014-10-22,Libra,0
2014-10-23,2014-11-21,Scorpio,0
2014-11-22,2014-12-21,Sagittarius,0
2014-12-22,2014-01-19,Capricorn,0
2014-01-20,2014-02-18,Aquarius,0
2014-02-19,2014-03-20,Pisces,0
2015-03-19,2015-04-20,Aries,0
2015-04-21,2015-05-20,Taurus,0
2015-05-21,2015-06-20,Gemini,0
2015-06-21,2015-07-22,Cancer,0
2015-07-23,2015-08-22,Leo,0
2015-08-23,2015-09-22,Virgo,0
2015-09-23,2015-10-22,Libra,0
2015-10-23,2015-11-21,Scorpio,0
2015-11-22,2015-12-21,Sagittarius,0
2015-12-22,2015-01-19,Capricorn,0
2015-01-20,2015-02-18,Aquarius,0
2015-02-19,2015-03-20,Pisces,0
2016-03-19,2016-04-20,Aries,0
2016-04-21,2016-05-20,Taurus,0
2016-05-21,2016-06-20,Gemini,0
2016-06-21,2016-07-22,Cancer,0
2016-07-23,2016-08-22,Leo,0
2016-08-23,2016-09-22,Virgo,0
2016-09-23,2016-10-22,Libra,0
2016-10-23,2016-11-21,Scorpio,0
2016-11-22,2016-12-21,Sagittarius,0
2016-12-22,2016-01-19,Capricorn,0
2016-01-20,2016-02-18,Aquarius,0
2016-02-19,2016-03-20,Pisces,0
2017-03-19,2017-04-20,Aries,0
2017-04-21,2017-05-20,Taurus,0
2017-05-21,2017-06-20,Gemini,0
2017-06-21,2017-07-22,Cancer,0
2017-07-23,2017-08-22,Leo,0
2017-08-23,2017-09-22,Virgo,0
2017-09-23,2017-10-22,Libra,0
2017-10-23,2017-11-21,Scorpio,0
2017-11-22,2017-12-21,Sagittarius,0
2017-12-22,2017-01-19,Capricorn,0
2017-01-20,2017-02-18,Aquarius,0
2017-02-19,2017-03-20,Pisces,0
2018-03-19,2018-04-20,Aries,0
2018-04-21,2018-05-20,Taurus,0
2018-05-21,2018-06-20,Gemini,0
2018-06-21,2018-07-22,Cancer,0
2018-07-23,2018-08-22,Leo,0
2018-08-23,2018-09-22,Virgo,0
2018-09-23,2018-10-22,Libra,0
2018-10-23,2018-11-21,Scorpio,0
2018-11-22,2018-12-21,Sagittarius,0
2018-12-22,2018-01-19,Capricorn,0
2018-01-20,2018-02-18,Aquarius,0
2018-02-19,2018-03-20,Pisces,0
2019-03-19,2019-04-20,Aries,0
2019-04-21,2019-05-20,Taurus,0
2019-05-21,2019-06-20,Gemini,0
2019-06-21,2019-07-22,Cancer,0
2019-07-23,2019-08-22,Leo,0
2019-08-23,2019-09-22,Virgo,0
2019-09-23,2019-10-22,Libra,0
2019-10-23,2019-11-21,Scorpio,0
2019-11-22,2019-12-21,Sagittarius,0
2019-12-22,2019-01-19,Capricorn,0
2019-01-20,2019-02-18,Aquarius,0
2019-02-19,2019-03-20,Pisces,0